{"val_MSELoss": 0.3755907714366913, "val_epoch_MSELoss": 0.3755907714366913, "val_L1Loss": 0.5344650149345398, "val_epoch_L1Loss": 0.5344650149345398, "epoch": 0, "trainer/global_step": 24, "_timestamp": 1688140685.098227, "_runtime": 171.23952412605286, "_step": 1, "_wandb": {"runtime": 163}}