{"_step": 28, "_timestamp": 1688143796.459578, "val_epoch_L1Loss": 0.005519237369298935, "_runtime": 1118.479197025299, "train_MSELoss": "NaN", "train_epoch_L1Loss": 0.130304217338562, "train_epoch_MSELoss": 4.250453472137451, "val_L1Loss": 0.005519237369298935, "val_MSELoss": 5.708079697797075e-05, "trainer/global_step": 24, "epoch": 0, "train_L1Loss": "NaN", "val_epoch_MSELoss": 5.708079697797075e-05, "_wandb": {"runtime": 1163}}