{"_step": 10, "val_epoch_L1Loss": 0.004865259397774935, "val_epoch_MSELoss": 5.790825525764376e-05, "train_epoch_L1Loss": 0.004777499940246344, "trainer/global_step": 49, "_timestamp": 1688142462.042064, "val_MSELoss": 5.790825525764376e-05, "epoch": 1, "train_epoch_MSELoss": 0.0027607865631580353, "val_L1Loss": 0.004865259397774935, "train_L1Loss": 0.0011955418158322573, "train_MSELoss": 2.6162508675042773e-06, "_runtime": 88.98061084747314, "_wandb": {"runtime": 123}}