{"_runtime": 177.68215990066528, "_timestamp": 1688140718.877843, "trainer/global_step": 1224, "_step": 123, "val_L1Loss": 0.007901815697550774, "val_MSELoss": 0.0002171371888834983, "val_epoch_L1Loss": 0.007901815697550774, "val_epoch_MSELoss": 0.0002171371888834983, "epoch": 48, "train_epoch_MSELoss": 0.000188149293535389, "train_epoch_L1Loss": 0.007087030913680792, "train_MSELoss": 1.7760321497917175e-05, "train_L1Loss": 0.0038320221938192844, "_wandb": {"runtime": 168}}