{"train_L1Loss": 0.0008201786549761891, "epoch": 1, "_runtime": 541.3280928134918, "train_MSELoss": 1.7648474113229895e-06, "train_epoch_MSELoss": 0.001321996096521616, "_timestamp": 1688143196.130951, "trainer/global_step": 49, "val_epoch_MSELoss": 5.0106791604775935e-05, "train_epoch_L1Loss": 0.004025732632726431, "_step": 17, "val_L1Loss": 0.004884123336523771, "val_MSELoss": 5.0106791604775935e-05, "val_epoch_L1Loss": 0.004884123336523771, "_wandb": {"runtime": 552}}