{"_step": 30, "val_MSELoss": 3.658160494524054e-05, "train_MSELoss": "NaN", "train_epoch_MSELoss": 0.013791616074740888, "trainer/global_step": 24, "epoch": 0, "_runtime": 1275.0160071849823, "_timestamp": 1688143997.869645, "val_L1Loss": 0.004381336271762848, "train_epoch_L1Loss": 0.03153849020600319, "val_epoch_MSELoss": 3.658160494524054e-05, "train_L1Loss": "NaN", "val_epoch_L1Loss": 0.004381336271762848, "_wandb": {"runtime": 1453}}