{"train_epoch_L1Loss": 634.2369995117188, "train_epoch_MSELoss": 176052544.0, "_step": 26, "_timestamp": 1688143540.351991, "train_MSELoss": "NaN", "epoch": 0, "val_MSELoss": 2.0785269953194074e-05, "val_epoch_L1Loss": 0.00344071164727211, "trainer/global_step": 24, "_runtime": 869.6381108760834, "val_L1Loss": 0.00344071164727211, "train_L1Loss": "NaN", "val_epoch_MSELoss": 2.0785269953194074e-05, "_wandb": {"runtime": 988}}