{"val_MSELoss": 8.696468285052106e-05, "val_epoch_MSELoss": 8.696468285052106e-05, "val_L1Loss": 0.006442444398999214, "val_epoch_L1Loss": 0.006442444398999214, "epoch": 1, "trainer/global_step": 49, "_timestamp": 1688142379.148577, "_runtime": 44.460500955581665, "_step": 5, "train_epoch_MSELoss": 0.006671677343547344, "train_epoch_L1Loss": 0.00845919456332922, "train_MSELoss": 2.1026082322350703e-05, "train_L1Loss": 0.003274844028055668, "_wandb": {"runtime": 49}}