{"val_L1Loss": 0.004572546575218439, "val_epoch_MSELoss": 4.9804635636974126e-05, "_step": 12, "val_MSELoss": 4.9804635636974126e-05, "epoch": 0, "_runtime": 251.06273102760315, "_timestamp": 1688142651.606617, "train_MSELoss": 2.6162508675042773e-06, "val_epoch_L1Loss": 0.004572546575218439, "train_epoch_L1Loss": 84233.859375, "train_L1Loss": 0.0011955418158322573, "train_epoch_MSELoss": 4325064048640.0, "trainer/global_step": 24, "_wandb": {"runtime": 278}}